{
  "stem": "IMG_9546",
  "overlap_pixels": 1112552,
  "overlap_ratio": 0.04546557184965489,
  "mae_raw": 2.567412606954621,
  "rmse_raw": 10.513477771756522,
  "absrel_raw": 0.20825429747346375,
  "scale_median": 1.1760656926976918,
  "mae_scale": 2.4630723886047674,
  "rmse_scale": 12.478769300013361,
  "absrel_scale": 0.24548514503150853,
  "scale_ls": 0.20776335784416203,
  "shift_ls": 6.585739804097663,
  "mae_affine": 4.008799065137367,
  "rmse_affine": 4.819897740099705,
  "absrel_affine": 0.709603091212804
}
