{
  "stem": "IMG_9569",
  "overlap_pixels": 1108279,
  "overlap_ratio": 0.045290951347859404,
  "mae_raw": 0.28029002170839895,
  "rmse_raw": 0.766839052853974,
  "absrel_raw": 0.09803656316763877,
  "scale_median": 1.0184277421125274,
  "mae_scale": 0.2973465316666902,
  "rmse_scale": 0.8069967136375833,
  "absrel_scale": 0.09614468001102223,
  "scale_ls": 0.8585741748153455,
  "shift_ls": 0.3390162405698677,
  "mae_affine": 0.23663343047551952,
  "rmse_affine": 0.6458415711741786,
  "absrel_affine": 0.10008199225671631
}
