{
  "stem": "IMG_9581",
  "overlap_pixels": 1100487,
  "overlap_ratio": 0.044972523323054715,
  "mae_raw": 1.238478211360865,
  "rmse_raw": 3.0730986512439378,
  "absrel_raw": 0.5965508537512532,
  "scale_median": 0.8125743639465546,
  "mae_scale": 0.9893621061584206,
  "rmse_scale": 2.3635904061131114,
  "absrel_scale": 0.45816577298314115,
  "scale_ls": 0.08547858577967317,
  "shift_ls": 2.17756109145059,
  "mae_affine": 0.6314720783017497,
  "rmse_affine": 0.8925580769364808,
  "absrel_affine": 0.24178687094534695
}
