{
  "capture_dir": "SpatialCapture_2026-01-15T02-30-04.724Z",
  "used_frame_indices": [
    0,
    1,
    2
  ],
  "every_n": 1,
  "max_frames": 3,
  "method": "tsdf",
  "voxel_size": 0.02,
  "write_ascii": false,
  "tsdf_voxel_length": 0.01,
  "tsdf_sdf_trunc": 0.04,
  "tsdf_depth_trunc": 6.0,
  "recolor": true,
  "recolor_occlusion_thresh": 0.25,
  "max_points": 600000,
  "poses": [
    {
      "frame_index": 0,
      "cameraTransform_cw_4x4": [
        0.1263815015554428,
        -0.9581454992294312,
        0.2568754255771637,
        0.0,
        0.8096511960029602,
        -0.049982499331235886,
        -0.5847793221473694,
        0.0,
        0.5731428265571594,
        0.2818848192691803,
        0.7694466710090637,
        0.0,
        0.012692160904407501,
        -0.00780757749453187,
        -0.01634097844362259,
        0.9999999403953552
      ],
      "relative_to_first_cw_4x4": [
        1.0,
        -4.3778722869092235e-09,
        3.880241905562798e-09,
        0.0,
        -1.0250728266214537e-08,
        1.0,
        -3.106608659209087e-08,
        0.0,
        4.629546523915451e-09,
        -2.369462137608025e-08,
        1.0,
        0.0,
        2.9130298173640767e-10,
        1.2053447129289907e-09,
        1.86307358429616e-11,
        1.0
      ]
    },
    {
      "frame_index": 1,
      "cameraTransform_cw_4x4": [
        0.13680699467658997,
        -0.9618664979934692,
        0.23684804141521454,
        0.0,
        0.8954054713249207,
        0.01780395582318306,
        -0.44489580392837524,
        0.0,
        0.42371344566345215,
        0.27293992042541504,
        0.8636960387229919,
        0.0,
        0.013186724856495857,
        -0.006641751155257225,
        -0.013333197683095932,
        1.0
      ],
      "relative_to_first_cw_4x4": [
        0.9997382760047913,
        0.020338591188192368,
        -0.010483602993190289,
        0.0,
        -0.018178896978497505,
        0.9842419028282166,
        0.17589031159877777,
        0.0,
        0.013895758427679539,
        -0.17565365135669708,
        0.9843540191650391,
        0.0,
        -0.0002819024957716465,
        -0.0014167353510856628,
        0.00292641157284379,
        1.0000001192092896
      ]
    },
    {
      "frame_index": 2,
      "cameraTransform_cw_4x4": [
        0.12731850147247314,
        -0.9587187767028809,
        0.254260778427124,
        0.0,
        0.9586504101753235,
        0.053163111209869385,
        -0.27957701683044434,
        0.0,
        0.25451844930648804,
        0.27934253215789795,
        0.9258447289466858,
        0.0,
        0.017909027636051178,
        -0.011627295054495335,
        -0.020314745604991913,
        1.0
      ],
      "relative_to_first_cw_4x4": [
        0.9999960660934448,
        0.0023162749130278826,
        -0.0016363930189982057,
        0.0,
        -0.0015987681690603495,
        0.9370059370994568,
        0.34930989146232605,
        0.0,
        0.0023424671962857246,
        -0.3493058383464813,
        0.9370060563087463,
        0.0,
        0.0032983962446451187,
        0.006738537922501564,
        -0.0011443118564784527,
        1.0000001192092896
      ]
    }
  ]
}