{
  "stem": "IMG_9568",
  "overlap_pixels": 1100114,
  "overlap_ratio": 0.04495728029774001,
  "mae_raw": 0.3272889103314169,
  "rmse_raw": 0.36253716026686095,
  "absrel_raw": 0.1749647473607602,
  "scale_median": 1.1696900410712496,
  "mae_scale": 0.17607167549238645,
  "rmse_scale": 0.3066149514392701,
  "absrel_scale": 0.09318784333372433,
  "scale_ls": 0.92856192344089,
  "shift_ls": 0.35524498620109746,
  "mae_affine": 0.20483617617308883,
  "rmse_affine": 0.2716616085565686,
  "absrel_affine": 0.1181290519275961
}
