{
  "stem": "IMG_9579",
  "overlap_pixels": 1096483,
  "overlap_ratio": 0.04480889578053444,
  "mae_raw": 0.3436058240600658,
  "rmse_raw": 0.9988116731190351,
  "absrel_raw": 0.05411368683286064,
  "scale_median": 1.0251391147470676,
  "mae_scale": 0.34292402948795814,
  "rmse_scale": 1.0641260785942095,
  "absrel_scale": 0.0555309221040842,
  "scale_ls": 0.9413759843347501,
  "shift_ls": 0.3220692679679647,
  "mae_affine": 0.3972470826956925,
  "rmse_affine": 0.9459720519347085,
  "absrel_affine": 0.08549430633725434
}
