{
  "stem": "IMG_9582",
  "overlap_pixels": 1097066,
  "overlap_ratio": 0.04483272066996733,
  "mae_raw": 1.1051373696104583,
  "rmse_raw": 1.3937709784385544,
  "absrel_raw": 0.22273550975711395,
  "scale_median": 1.2841019209426223,
  "mae_scale": 0.49592860025149527,
  "rmse_scale": 1.8028313694399707,
  "absrel_scale": 0.05155082451619546,
  "scale_ls": 0.8931389095129244,
  "shift_ls": 1.2919583653320525,
  "mae_affine": 0.6581815474282622,
  "rmse_affine": 1.0447698648285595,
  "absrel_affine": 0.12714115206434237
}
